Short Name,Last,First,Middle,Suffix
Acosta y Lara,Acosta y Lara,Eduardo,F,
Albuja,Albuja,L,,
Alcorn,Alcorn,Stanley,M,
Alonso-Mejía,Alonso-Mejía,Alfonso,,
Altringham,Altringham,John,D,
Alvarez,Alvarez,Javier,,
Alverson,Alverson,William,S,
Anderson,Anderson,Pamela,K,
Aranguren,Aranguren,Jaime,O,
Arce,Arce,J,,
Areces-Mallea,Areces-Mallea,Alberto,E,
Arends,Arends,Alexis,,
Arias-Cóyotl,Arias-Cóyotl,Ethel,,
Arita,Arita,Hector,T,
Arizaga,Arizaga,Santiago,,